{"A":{"0":-1.342242472,"1":0.3426304229,"2":1.5880264555,"3":0.4728142787,"4":-1.1652950304,"5":-1.9427567251,"6":0.2769330829,"7":-1.3070024048,"8":-0.2635535595,"9":-1.2799050134},"B":{"0":0.2401539874,"1":0.0538720774,"2":0.9638620684,"3":0.3034081768,"4":-0.9570030689,"5":-0.1745676953,"6":-0.0468010155,"7":1.7400007716,"8":-0.4684485972,"9":-2.2724886219},"C":{"0":-0.1512372836,"1":-1.2743915199,"2":-1.5389953256,"3":-1.358858073,"4":-1.2385168753,"5":-1.7058330697,"6":-0.4187613447,"7":0.0252297387,"8":0.0730630504,"9":-0.0604846623},"D":{"0":-0.3623852409,"1":0.3519004005,"2":-0.0268880609,"3":-0.3153451648,"4":-0.1415481625,"5":-2.1736681217,"6":0.5946611343,"7":0.6421724643,"8":0.8319336012,"9":0.7961074248},"E":{"0":-0.5664425801,"1":-0.9340738885,"2":0.6684584096,"3":-1.6831702042,"4":1.0143460372,"5":1.0231609749,"6":1.1630077976,"7":-0.8613246978,"8":-0.8954843424,"9":-0.2834889329}}