{"A":{"0":25.0,"1":-0.5971083423,"2":-0.8018717883,"3":1.6201738818,"4":2.3279146344,"5":-1.8136560421,"6":0.490587422,"7":1.5698022423,"8":-0.2241023996,"9":0.8192155635},"B":{"0":-0.2438771752,"1":1.2684442959,"2":-0.8778925993,"3":-1.0440539202,"4":-0.3314370207,"5":0.3178354648,"6":0.5738989246,"7":0.0262913818,"8":-1.0393065558,"9":-0.7076778832},"C":{"0":0.0857160141,"1":0.5803443667,"2":-0.6026808338,"3":-0.0069525724,"4":-0.3036135525,"5":-1.2939872285,"6":-1.3244522957,"7":-0.140098324,"8":-0.148097337,"9":-0.1003667987},"D":{"0":-0.8029781849,"1":-0.4586300967,"2":-0.2887588164,"3":0.2934395398,"4":-0.4351035447,"5":1.1934571125,"6":-0.1214603345,"7":-1.1352683133,"8":-1.2303441282,"9":2.1984534376},"E":{"0":-0.1367293842,"1":0.7724820644,"2":-1.287363124,"3":0.3329664961,"4":0.4372258527,"5":-3.4888162452,"6":0.6239637249,"7":-2.5456657164,"8":1.3457079641,"9":-0.1013155228}}